Model,Element,Element Type,Family,Category,Element Id,Modified by,Computer Number,Date,Time,Transaction Name
Project1,,,,,194749,Joven_MS,CAD_137,05-06-24,11:44:50,Floor
Project1,Sketch,,,,309834,Joven_MS,CAD_137,05-06-24,11:44:54,Line - Rectangle
Project1,Floor-Grnd-Susp_65Scr-80Ins-100Blk-75PC,Floor-Grnd-Susp_65Scr-80Ins-100Blk-75PC,Floor,Floors,309835,Joven_MS,CAD_137,05-06-24,11:44:54,Line - Rectangle
Project1,,,,,194749,Joven_MS,CAD_137,05-06-24,11:44:54,Finish sketch
Project1,Sketch,,,,309834,Joven_MS,CAD_137,05-06-24,11:44:54,Finish sketch
Project1,Floor-Grnd-Susp_65Scr-80Ins-100Blk-75PC,Floor-Grnd-Susp_65Scr-80Ins-100Blk-75PC,Floor,Floors,309835,Joven_MS,CAD_137,05-06-24,11:44:54,Finish sketch
Project1,Wall-Ext_102Bwk-75Ins-100LBlk-12P,Wall-Ext_102Bwk-75Ins-100LBlk-12P,Basic Wall,Walls,309868,Joven_MS,CAD_137,05-06-24,11:44:59,Wall - Line
Project1,Wall-Ext_102Bwk-75Ins-100LBlk-12P,Wall-Ext_102Bwk-75Ins-100LBlk-12P,Basic Wall,Walls,309868,Joven_MS,CAD_137,05-06-24,11:44:59,Wall - Line
Project1,Wall-Ext_102Bwk-75Ins-100LBlk-12P,Wall-Ext_102Bwk-75Ins-100LBlk-12P,Basic Wall,Walls,309893,Joven_MS,CAD_137,05-06-24,11:44:59,Wall - Line
Project1,,,,,194749,Joven_MS,CAD_137,05-06-24,11:47:37,Floor
Project1,Sketch,,,,309940,Joven_MS,CAD_137,05-06-24,11:47:39,Line - Rectangle
Project1,Floor-Grnd-Susp_65Scr-80Ins-100Blk-75PC,Floor-Grnd-Susp_65Scr-80Ins-100Blk-75PC,Floor,Floors,309941,Joven_MS,CAD_137,05-06-24,11:47:39,Line - Rectangle
Project1,,,,,194749,Joven_MS,CAD_137,05-06-24,11:47:41,Finish sketch
Project1,Sketch,,,,309940,Joven_MS,CAD_137,05-06-24,11:47:41,Finish sketch
Project1,Floor-Grnd-Susp_65Scr-80Ins-100Blk-75PC,Floor-Grnd-Susp_65Scr-80Ins-100Blk-75PC,Floor,Floors,309941,Joven_MS,CAD_137,05-06-24,11:47:41,Finish sketch
Project1,Wall-Ext_102Bwk-75Ins-100LBlk-12P,Wall-Ext_102Bwk-75Ins-100LBlk-12P,Basic Wall,Walls,309988,Joven_MS,CAD_137,05-06-24,12:04:28,Wall - Line
Project1,Wall-Ext_102Bwk-75Ins-100LBlk-12P,Wall-Ext_102Bwk-75Ins-100LBlk-12P,Basic Wall,Walls,309988,Joven_MS,CAD_137,05-06-24,12:04:28,Wall - Line
Project1,Wall-Ext_102Bwk-75Ins-100LBlk-12P,Wall-Ext_102Bwk-75Ins-100LBlk-12P,Basic Wall,Walls,310004,Joven_MS,CAD_137,05-06-24,12:04:28,Wall - Line
Project1,Wall-Ext_102Bwk-75Ins-100LBlk-12P,Wall-Ext_102Bwk-75Ins-100LBlk-12P,Basic Wall,Walls,310004,Joven_MS,CAD_137,05-06-24,12:04:29,Wall - Line
Project1,Wall-Ext_102Bwk-75Ins-100LBlk-12P,Wall-Ext_102Bwk-75Ins-100LBlk-12P,Basic Wall,Walls,310030,Joven_MS,CAD_137,05-06-24,12:04:29,Wall - Line
Project1,Wall-Ext_102Bwk-75Ins-100LBlk-12P,Wall-Ext_102Bwk-75Ins-100LBlk-12P,Basic Wall,Walls,309988,Joven_MS,CAD_137,05-06-24,12:04:32,Door
Project1,Wall-Ext_102Bwk-75Ins-100LBlk-12P,Wall-Ext_102Bwk-75Ins-100LBlk-12P,Basic Wall,Walls,310004,Joven_MS,CAD_137,05-06-24,12:04:33,Door
Project1,Wall-Ext_102Bwk-75Ins-100LBlk-12P,Wall-Ext_102Bwk-75Ins-100LBlk-12P,Basic Wall,Walls,310004,Joven_MS,CAD_137,05-06-24,12:04:35,Delete Selection
Project1,Wall-Ext_102Bwk-75Ins-100LBlk-12P,Wall-Ext_102Bwk-75Ins-100LBlk-12P,Basic Wall,Walls,310030,Joven_MS,CAD_137,05-06-24,12:04:35,Delete Selection
Project1,Wall-Ext_102Bwk-75Ins-100LBlk-12P,Wall-Ext_102Bwk-75Ins-100LBlk-12P,Basic Wall,Walls,309988,Joven_MS,CAD_137,05-06-24,12:06:41,Delete Selection
Project1,Wall-Ext_102Bwk-75Ins-100LBlk-12P,Wall-Ext_102Bwk-75Ins-100LBlk-12P,Basic Wall,Walls,310004,Joven_MS,CAD_137,05-06-24,12:06:41,Delete Selection
Project1,1810x2110mm,1810x2110mm,Doors_ExtDbl_Flush,Doors,310083,Joven_MS,CAD_137,05-06-24,12:06:41,Delete Selection
Project1,Wall-Ext_102Bwk-75Ins-100LBlk-12P,Wall-Ext_102Bwk-75Ins-100LBlk-12P,Basic Wall,Walls,309988,Joven_MS,CAD_137,05-06-24,12:06:42,Delete Selection
Project1,Wall-Ext_102Bwk-75Ins-100LBlk-12P,Wall-Ext_102Bwk-75Ins-100LBlk-12P,Basic Wall,Walls,309869,Joven_MS,CAD_137,05-06-24,12:08:52,Door
Project1,Wall-Ext_102Bwk-75Ins-100LBlk-12P,Wall-Ext_102Bwk-75Ins-100LBlk-12P,Basic Wall,Walls,309881,Joven_MS,CAD_137,05-06-24,12:08:54,Window
Project1,Wall-Ext_102Bwk-75Ins-100LBlk-12P,Wall-Ext_102Bwk-75Ins-100LBlk-12P,Basic Wall,Walls,309867,Joven_MS,CAD_137,05-06-24,12:08:55,Window
Project1,Wall-Ext_102Bwk-75Ins-100LBlk-12P,Wall-Ext_102Bwk-75Ins-100LBlk-12P,Basic Wall,Walls,309868,Joven_MS,CAD_137,05-06-24,12:08:56,Window
Project1,Wall-Ext_102Bwk-75Ins-100LBlk-12P,Wall-Ext_102Bwk-75Ins-100LBlk-12P,Basic Wall,Walls,309881,Joven_MS,CAD_137,05-06-24,12:08:58,Delete Selection
Project1,Wall-Ext_102Bwk-75Ins-100LBlk-12P,Wall-Ext_102Bwk-75Ins-100LBlk-12P,Basic Wall,Walls,309883,Joven_MS,CAD_137,05-06-24,12:08:58,Delete Selection
Project1,Wall-Ext_102Bwk-75Ins-100LBlk-12P,Wall-Ext_102Bwk-75Ins-100LBlk-12P,Basic Wall,Walls,309884,Joven_MS,CAD_137,05-06-24,12:08:58,Delete Selection
Project1,910x910mm,910x910mm,Windows_Sgl_Plain,Windows,309933,Joven_MS,CAD_137,05-06-24,12:08:58,Delete Selection
Project1,Wall-Ext_102Bwk-75Ins-100LBlk-12P,Wall-Ext_102Bwk-75Ins-100LBlk-12P,Basic Wall,Walls,309867,Joven_MS,CAD_137,05-06-24,12:08:59,Delete Selection
Project1,Wall-Ext_102Bwk-75Ins-100LBlk-12P,Wall-Ext_102Bwk-75Ins-100LBlk-12P,Basic Wall,Walls,309869,Joven_MS,CAD_137,05-06-24,12:12:08,Delete Selection
Project1,Wall-Ext_102Bwk-75Ins-100LBlk-12P,Wall-Ext_102Bwk-75Ins-100LBlk-12P,Basic Wall,Walls,309881,Joven_MS,CAD_137,05-06-24,12:12:09,Delete Selection
Project1,,,,,194749,Joven_MS,CAD_137,05-06-24,12:16:13,Floor
Project1,Sketch,,,,309921,Joven_MS,CAD_137,05-06-24,12:16:16,Line - Rectangle
Project1,Floor-Grnd-Susp_65Scr-80Ins-100Blk-75PC,Floor-Grnd-Susp_65Scr-80Ins-100Blk-75PC,Floor,Floors,309922,Joven_MS,CAD_137,05-06-24,12:16:16,Line - Rectangle
Project1,,,,,194749,Joven_MS,CAD_137,05-06-24,12:16:17,Finish sketch
Project1,Sketch,,,,309921,Joven_MS,CAD_137,05-06-24,12:16:17,Finish sketch
Project1,Floor-Grnd-Susp_65Scr-80Ins-100Blk-75PC,Floor-Grnd-Susp_65Scr-80Ins-100Blk-75PC,Floor,Floors,309922,Joven_MS,CAD_137,05-06-24,12:16:17,Finish sketch
Project1,,,,,194749,Joven_MS,CAD_137,05-06-24,14:32:13,Floor
Project1,Sketch,,,,309850,Joven_MS,CAD_137,05-06-24,14:32:16,Line - Rectangle
Project1,Floor-Grnd-Susp_65Scr-80Ins-100Blk-75PC,Floor-Grnd-Susp_65Scr-80Ins-100Blk-75PC,Floor,Floors,309851,Joven_MS,CAD_137,05-06-24,14:32:16,Line - Rectangle
Project1,,,,,194749,Joven_MS,CAD_137,05-06-24,14:32:16,Finish sketch
Project1,Sketch,,,,309850,Joven_MS,CAD_137,05-06-24,14:32:16,Finish sketch
Project1,Floor-Grnd-Susp_65Scr-80Ins-100Blk-75PC,Floor-Grnd-Susp_65Scr-80Ins-100Blk-75PC,Floor,Floors,309851,Joven_MS,CAD_137,05-06-24,14:32:16,Finish sketch
Project1,Wall-Ext_102Bwk-75Ins-100LBlk-12P,Wall-Ext_102Bwk-75Ins-100LBlk-12P,Basic Wall,Walls,309838,Joven_MS,CAD_137,05-06-24,14:32:35,Door
Project1,Wall-Ext_102Bwk-75Ins-100LBlk-12P,Wall-Ext_102Bwk-75Ins-100LBlk-12P,Basic Wall,Walls,309836,Joven_MS,CAD_137,05-06-24,14:32:38,Window
Project1,Wall-Ext_102Bwk-75Ins-100LBlk-12P,Wall-Ext_102Bwk-75Ins-100LBlk-12P,Basic Wall,Walls,309838,Joven_MS,CAD_137,05-06-24,14:32:41,Delete Selection
Project1,Wall-Ext_102Bwk-75Ins-100LBlk-12P,Wall-Ext_102Bwk-75Ins-100LBlk-12P,Basic Wall,Walls,309836,Joven_MS,CAD_137,05-06-24,14:37:06,Delete Selection
Project1,Wall-Ext_102Bwk-75Ins-100LBlk-12P,Wall-Ext_102Bwk-75Ins-100LBlk-12P,Basic Wall,Walls,309835,Joven_MS,CAD_137,05-06-24,14:42:20,Delete Selection
Project1,Wall-Ext_102Bwk-75Ins-100LBlk-12P,Wall-Ext_102Bwk-75Ins-100LBlk-12P,Basic Wall,Walls,309836,Joven_MS,CAD_137,05-06-24,14:42:20,Delete Selection
Project1,Wall-Ext_102Bwk-75Ins-100LBlk-12P,Wall-Ext_102Bwk-75Ins-100LBlk-12P,Basic Wall,Walls,309838,Joven_MS,CAD_137,05-06-24,14:42:20,Delete Selection
Project1,Wall-Ext_102Bwk-75Ins-100LBlk-12P,Wall-Ext_102Bwk-75Ins-100LBlk-12P,Basic Wall,Walls,310030,Joven_MS,CAD_137,05-06-24,14:43:44,Delete Selection
Project1,Wall-Ext_102Bwk-75Ins-100LBlk-12P,Wall-Ext_102Bwk-75Ins-100LBlk-12P,Basic Wall,Walls,310031,Joven_MS,CAD_137,05-06-24,14:43:44,Delete Selection
Project1,Wall-Ext_102Bwk-75Ins-100LBlk-12P,Wall-Ext_102Bwk-75Ins-100LBlk-12P,Basic Wall,Walls,310032,Joven_MS,CAD_137,05-06-24,14:43:44,Delete Selection
Project1,Wall-Ext_102Bwk-75Ins-100LBlk-12P,Wall-Ext_102Bwk-75Ins-100LBlk-12P,Basic Wall,Walls,310080,Joven_MS,CAD_137,05-06-24,14:45:51,Delete Selection
Project1,Wall-Ext_102Bwk-75Ins-100LBlk-12P,Wall-Ext_102Bwk-75Ins-100LBlk-12P,Basic Wall,Walls,310081,Joven_MS,CAD_137,05-06-24,14:45:51,Delete Selection
Project1,Wall-Ext_102Bwk-75Ins-100LBlk-12P,Wall-Ext_102Bwk-75Ins-100LBlk-12P,Basic Wall,Walls,310082,Joven_MS,CAD_137,05-06-24,14:45:51,Delete Selection
Project1,Wall-Ext_102Bwk-75Ins-100LBlk-12P,Wall-Ext_102Bwk-75Ins-100LBlk-12P,Basic Wall,Walls,309838,Joven_MS,CAD_137,07-06-24,09:39:04,Door
Project1,Wall-Ext_102Bwk-75Ins-100LBlk-12P,Wall-Ext_102Bwk-75Ins-100LBlk-12P,Basic Wall,Walls,309837,Joven_MS,CAD_137,07-06-24,09:39:06,Door
Project1,Wall-Ext_102Bwk-75Ins-100LBlk-12P,Wall-Ext_102Bwk-75Ins-100LBlk-12P,Basic Wall,Walls,309840,Joven_MS,CAD_137,07-06-24,09:39:07,Door
Project1,Model Lines,,,Lines,310026,Joven_MS,CAD_137,07-06-24,09:39:17,Lines
Project1,Model Lines,,,Lines,310119,Joven_MS,CAD_137,07-06-24,09:39:33,Lines
Project1,Model Lines,,,Lines,310119,Joven_MS,CAD_137,07-06-24,09:39:34,Lines
Project1,Model Lines,,,Lines,310119,Joven_MS,CAD_137,07-06-24,09:39:35,Lines
Project1,Model Lines,,,Lines,310119,Joven_MS,CAD_137,07-06-24,09:39:38,Lines
Project1,Model Lines,,,Lines,310119,Joven_MS,CAD_137,07-06-24,09:39:39,Lines
Project1,1810x2110mm,1810x2110mm,Doors_ExtDbl_Flush,Doors,309852,Joven_MS,CAD_137,07-06-24,09:39:54,Dynamo-51297CB5 Script
Project1,1810x2110mm,1810x2110mm,Doors_ExtDbl_Flush,Doors,309885,Joven_MS,CAD_137,07-06-24,09:39:54,Dynamo-51297CB5 Script
Project1,1810x2110mm,1810x2110mm,Doors_ExtDbl_Flush,Doors,309936,Joven_MS,CAD_137,07-06-24,09:39:54,Dynamo-51297CB5 Script
Project1,Wall-Ext_102Bwk-75Ins-100LBlk-12P,Wall-Ext_102Bwk-75Ins-100LBlk-12P,Basic Wall,Walls,309839,Joven_MS,CAD_137,07-06-24,09:41:31,Door
Project1,Model Lines,,,Lines,310262,Joven_MS,CAD_137,07-06-24,09:41:39,Lines
Project1,Model Lines,,,Lines,310262,Joven_MS,CAD_137,07-06-24,09:41:40,Lines
Project1,Model Lines,,,Lines,310262,Joven_MS,CAD_137,07-06-24,09:41:41,Lines
Project1,Model Lines,,,Lines,310262,Joven_MS,CAD_137,07-06-24,09:41:42,Lines
Project1,Model Lines,,,Lines,310262,Joven_MS,CAD_137,07-06-24,09:41:43,Lines
Project1,Model Lines,,,Lines,310262,Joven_MS,CAD_137,07-06-24,09:41:44,Lines
Project1,Model Lines,,,Lines,310262,Joven_MS,CAD_137,07-06-24,09:41:45,Lines
Project1,1810x2110mm,1810x2110mm,Doors_ExtDbl_Flush,Doors,309852,Joven_MS,CAD_137,07-06-24,09:41:57,Dynamo-51297CB5 Script
Project1,1810x2110mm,1810x2110mm,Doors_ExtDbl_Flush,Doors,309885,Joven_MS,CAD_137,07-06-24,09:41:57,Dynamo-51297CB5 Script
Project1,1810x2110mm,1810x2110mm,Doors_ExtDbl_Flush,Doors,309936,Joven_MS,CAD_137,07-06-24,09:41:57,Dynamo-51297CB5 Script
Project1,1810x2110mm,1810x2110mm,Doors_ExtDbl_Flush,Doors,310184,Joven_MS,CAD_137,07-06-24,09:41:57,Dynamo-51297CB5 Script
Project1,Model Lines,,,Lines,310262,Joven_MS,CAD_137,07-06-24,09:42:13,Drag Line End
Project1,Wall-Ext_102Bwk-75Ins-100LBlk-12P,Wall-Ext_102Bwk-75Ins-100LBlk-12P,Basic Wall,Walls,309837,Joven_MS,CAD_137,07-06-24,09:42:29,Delete Selection
Project1,Wall-Ext_102Bwk-75Ins-100LBlk-12P,Wall-Ext_102Bwk-75Ins-100LBlk-12P,Basic Wall,Walls,309837,Joven_MS,CAD_137,07-06-24,09:42:32,Delete Selection
Project1,1810x2110mm,1810x2110mm,Doors_ExtDbl_Flush,Doors,309885,Joven_MS,CAD_137,07-06-24,09:42:38,Modify element attributes
Project1,1810x2110mm,1810x2110mm,Doors_ExtDbl_Flush,Doors,309852,Joven_MS,CAD_137,07-06-24,09:42:42,Modify element attributes
Project1,1810x2110mm,1810x2110mm,Doors_ExtDbl_Flush,Doors,310184,Joven_MS,CAD_137,07-06-24,09:42:46,Modify element attributes
Project1,1810x2110mm,1810x2110mm,Doors_ExtDbl_Flush,Doors,309936,Joven_MS,CAD_137,07-06-24,09:42:50,Modify element attributes
Project1,Model Lines,,,Lines,310262,Joven_MS,CAD_137,07-06-24,09:42:57,Drag Line End
Project1,Model Lines,,,Lines,310617,Joven_MS,CAD_137,07-06-24,09:43:05,Lines
Project1,Model Lines,,,Lines,310617,Joven_MS,CAD_137,07-06-24,09:43:05,Lines
Project1,Model Lines,,,Lines,310617,Joven_MS,CAD_137,07-06-24,09:43:06,Lines
Project1,Model Lines,,,Lines,310617,Joven_MS,CAD_137,07-06-24,09:43:07,Lines
Project1,Model Lines,,,Lines,310617,Joven_MS,CAD_137,07-06-24,09:43:08,Lines
Project1,Model Lines,,,Lines,310617,Joven_MS,CAD_137,07-06-24,09:43:08,Lines
Project1,Model Lines,,,Lines,310617,Joven_MS,CAD_137,07-06-24,09:43:09,Lines
Project1,Model Lines,,,Lines,310617,Joven_MS,CAD_137,07-06-24,09:43:09,Lines
Project1,Model Lines,,,Lines,310617,Joven_MS,CAD_137,07-06-24,09:43:10,Lines
Project1,Model Lines,,,Lines,310617,Joven_MS,CAD_137,07-06-24,09:43:11,Lines
Project1,Model Lines,,,Lines,310617,Joven_MS,CAD_137,07-06-24,09:43:11,Lines
Project1,Model Lines,,,Lines,310617,Joven_MS,CAD_137,07-06-24,09:43:12,Lines
Project1,1810x2110mm,1810x2110mm,Doors_ExtDbl_Flush,Doors,309852,Joven_MS,CAD_137,07-06-24,09:43:20,Dynamo-51297CB5 Script
Project1,1810x2110mm,1810x2110mm,Doors_ExtDbl_Flush,Doors,309885,Joven_MS,CAD_137,07-06-24,09:43:20,Dynamo-51297CB5 Script
Project1,1810x2110mm,1810x2110mm,Doors_ExtDbl_Flush,Doors,309936,Joven_MS,CAD_137,07-06-24,09:43:20,Dynamo-51297CB5 Script
Project1,1810x2110mm,1810x2110mm,Doors_ExtDbl_Flush,Doors,310184,Joven_MS,CAD_137,07-06-24,09:43:20,Dynamo-51297CB5 Script
Project1,1810x2110mm,1810x2110mm,Doors_ExtDbl_Flush,Doors,309852,Joven_MS,CAD_137,07-06-24,09:44:48,Dynamo-51297CB5 Script
Project1,1810x2110mm,1810x2110mm,Doors_ExtDbl_Flush,Doors,309885,Joven_MS,CAD_137,07-06-24,09:44:48,Dynamo-51297CB5 Script
Project1,1810x2110mm,1810x2110mm,Doors_ExtDbl_Flush,Doors,309936,Joven_MS,CAD_137,07-06-24,09:44:48,Dynamo-51297CB5 Script
Project1,1810x2110mm,1810x2110mm,Doors_ExtDbl_Flush,Doors,310184,Joven_MS,CAD_137,07-06-24,09:44:48,Dynamo-51297CB5 Script
Project1,1810x2110mm,1810x2110mm,Doors_ExtDbl_Flush,Doors,309852,Joven_MS,CAD_137,07-06-24,09:45:49,Modify element attributes
Project1,1810x2110mm,1810x2110mm,Doors_ExtDbl_Flush,Doors,309885,Joven_MS,CAD_137,07-06-24,09:45:49,Modify element attributes
Project1,1810x2110mm,1810x2110mm,Doors_ExtDbl_Flush,Doors,309936,Joven_MS,CAD_137,07-06-24,09:45:49,Modify element attributes
Project1,1810x2110mm,1810x2110mm,Doors_ExtDbl_Flush,Doors,310184,Joven_MS,CAD_137,07-06-24,09:45:49,Modify element attributes
Project1,Detail Lines,,,Lines,310871,Joven_MS,CAD_137,07-06-24,09:46:01,Detail Lines
Project1,Detail Lines,,,Lines,310871,Joven_MS,CAD_137,07-06-24,09:46:02,Detail Lines
Project1,Detail Lines,,,Lines,310871,Joven_MS,CAD_137,07-06-24,09:46:03,Detail Lines
Project1,Detail Lines,,,Lines,310871,Joven_MS,CAD_137,07-06-24,09:46:04,Detail Lines
Project1,Detail Lines,,,Lines,310871,Joven_MS,CAD_137,07-06-24,09:46:04,Detail Lines
Project1,Detail Lines,,,Lines,310871,Joven_MS,CAD_137,07-06-24,09:46:05,Detail Lines
Project1,Detail Lines,,,Lines,310871,Joven_MS,CAD_137,07-06-24,09:46:06,Detail Lines
Project1,Detail Lines,,,Lines,310871,Joven_MS,CAD_137,07-06-24,09:46:06,Detail Lines
Project1,Detail Lines,,,Lines,310871,Joven_MS,CAD_137,07-06-24,09:46:07,Detail Lines
Project1,Detail Lines,,,Lines,310871,Joven_MS,CAD_137,07-06-24,09:46:08,Detail Lines
Project1,1810x2110mm,1810x2110mm,Doors_ExtDbl_Flush,Doors,309852,Joven_MS,CAD_137,07-06-24,09:46:19,Dynamo-51297CB5 Script
Project1,1810x2110mm,1810x2110mm,Doors_ExtDbl_Flush,Doors,309885,Joven_MS,CAD_137,07-06-24,09:46:19,Dynamo-51297CB5 Script
Project1,1810x2110mm,1810x2110mm,Doors_ExtDbl_Flush,Doors,309936,Joven_MS,CAD_137,07-06-24,09:46:19,Dynamo-51297CB5 Script
Project1,1810x2110mm,1810x2110mm,Doors_ExtDbl_Flush,Doors,310184,Joven_MS,CAD_137,07-06-24,09:46:19,Dynamo-51297CB5 Script
Project1,1810x2110mm,1810x2110mm,Doors_ExtDbl_Flush,Doors,309852,Joven_MS,CAD_137,07-06-24,09:48:49,Dynamo-51297CB5 Script
Project1,1810x2110mm,1810x2110mm,Doors_ExtDbl_Flush,Doors,309885,Joven_MS,CAD_137,07-06-24,09:48:49,Dynamo-51297CB5 Script
Project1,1810x2110mm,1810x2110mm,Doors_ExtDbl_Flush,Doors,309936,Joven_MS,CAD_137,07-06-24,09:48:49,Dynamo-51297CB5 Script
Project1,1810x2110mm,1810x2110mm,Doors_ExtDbl_Flush,Doors,310184,Joven_MS,CAD_137,07-06-24,09:48:49,Dynamo-51297CB5 Script
Project1,1810x2110mm,1810x2110mm,Doors_ExtDbl_Flush,Doors,309852,Joven_MS,CAD_137,07-06-24,09:49:28,Dynamo-51297CB5 Script
Project1,1810x2110mm,1810x2110mm,Doors_ExtDbl_Flush,Doors,309885,Joven_MS,CAD_137,07-06-24,09:49:28,Dynamo-51297CB5 Script
Project1,1810x2110mm,1810x2110mm,Doors_ExtDbl_Flush,Doors,309936,Joven_MS,CAD_137,07-06-24,09:49:28,Dynamo-51297CB5 Script
Project1,1810x2110mm,1810x2110mm,Doors_ExtDbl_Flush,Doors,310184,Joven_MS,CAD_137,07-06-24,09:49:28,Dynamo-51297CB5 Script
Project1,Detail Lines,,,Lines,311178,Joven_MS,CAD_137,07-06-24,09:50:51,Detail Lines
Project1,Detail Lines,,,Lines,311178,Joven_MS,CAD_137,07-06-24,09:50:52,Detail Lines
Project1,Detail Lines,,,Lines,311178,Joven_MS,CAD_137,07-06-24,09:50:52,Detail Lines
Project1,Detail Lines,,,Lines,311178,Joven_MS,CAD_137,07-06-24,09:50:53,Detail Lines
Project1,Detail Lines,,,Lines,311178,Joven_MS,CAD_137,07-06-24,09:50:54,Detail Lines
Project1,Detail Lines,,,Lines,311178,Joven_MS,CAD_137,07-06-24,09:50:55,Detail Lines
Project1,Detail Lines,,,Lines,311178,Joven_MS,CAD_137,07-06-24,09:50:56,Detail Lines
Project1,Model Lines,,,Lines,311319,Joven_MS,CAD_137,07-06-24,10:19:49,Lines
Project1,Model Lines,,,Lines,311319,Joven_MS,CAD_137,07-06-24,10:19:50,Lines
Project1,Model Lines,,,Lines,311319,Joven_MS,CAD_137,07-06-24,10:19:51,Lines
Project1,Model Lines,,,Lines,311319,Joven_MS,CAD_137,07-06-24,10:19:51,Lines
Project1,Model Lines,,,Lines,311319,Joven_MS,CAD_137,07-06-24,10:19:52,Lines
Project1,Model Lines,,,Lines,311319,Joven_MS,CAD_137,07-06-24,10:19:52,Lines
Project1,Model Lines,,,Lines,311319,Joven_MS,CAD_137,07-06-24,10:19:52,Lines
Project1,Model Lines,,,Lines,311319,Joven_MS,CAD_137,07-06-24,10:19:53,Lines
Project1,Model Lines,,,Lines,311319,Joven_MS,CAD_137,07-06-24,10:19:53,Lines
Project1,Model Lines,,,Lines,311319,Joven_MS,CAD_137,07-06-24,10:19:54,Lines
Project1,Model Lines,,,Lines,311319,Joven_MS,CAD_137,07-06-24,10:19:55,Lines
Project1,Model Lines,,,Lines,311319,Joven_MS,CAD_137,07-06-24,10:19:55,Lines
Project1,Model Lines,,,Lines,311319,Joven_MS,CAD_137,07-06-24,10:19:55,Lines
Project1,Model Lines,,,Lines,311319,Joven_MS,CAD_137,07-06-24,10:19:56,Lines
Project1,Model Lines,,,Lines,311319,Joven_MS,CAD_137,07-06-24,10:19:56,Lines
Project1,1810x2110mm,1810x2110mm,Doors_ExtDbl_Flush,Doors,309936,Joven_MS,CAD_137,07-06-24,10:20:11,Dynamo-51297CB5 Script
Project1,Wall-Ext_102Bwk-75Ins-100LBlk-12P,Wall-Ext_102Bwk-75Ins-100LBlk-12P,Basic Wall,Walls,309837,Joven_MS,CAD_137,07-06-24,10:23:06,Dynamo-51297CB5 Script
Project1,Wall-Ext_102Bwk-75Ins-100LBlk-12P,Wall-Ext_102Bwk-75Ins-100LBlk-12P,Basic Wall,Walls,309838,Joven_MS,CAD_137,07-06-24,10:23:06,Dynamo-51297CB5 Script
Project1,Wall-Ext_102Bwk-75Ins-100LBlk-12P,Wall-Ext_102Bwk-75Ins-100LBlk-12P,Basic Wall,Walls,309839,Joven_MS,CAD_137,07-06-24,10:23:06,Dynamo-51297CB5 Script
Project1,Wall-Ext_102Bwk-75Ins-100LBlk-12P,Wall-Ext_102Bwk-75Ins-100LBlk-12P,Basic Wall,Walls,309840,Joven_MS,CAD_137,07-06-24,10:23:06,Dynamo-51297CB5 Script
Project1,Model Lines,,,Lines,311503,Joven_MS,CAD_137,07-06-24,10:23:59,Lines
Project1,Model Lines,,,Lines,311503,Joven_MS,CAD_137,07-06-24,10:23:59,Lines
Project1,Model Lines,,,Lines,311503,Joven_MS,CAD_137,07-06-24,10:24:00,Lines
Project1,Model Lines,,,Lines,311503,Joven_MS,CAD_137,07-06-24,10:24:00,Lines
Project1,Model Lines,,,Lines,311503,Joven_MS,CAD_137,07-06-24,10:24:01,Lines
Project1,Model Lines,,,Lines,311503,Joven_MS,CAD_137,07-06-24,10:24:02,Lines
Project1,Wall-Ext_102Bwk-75Ins-100LBlk-12P,Wall-Ext_102Bwk-75Ins-100LBlk-12P,Basic Wall,Walls,309837,Joven_MS,CAD_137,07-06-24,10:27:54,Dynamo-51297CB5 Script
Project1,Wall-Ext_102Bwk-75Ins-100LBlk-12P,Wall-Ext_102Bwk-75Ins-100LBlk-12P,Basic Wall,Walls,309838,Joven_MS,CAD_137,07-06-24,10:27:54,Dynamo-51297CB5 Script
Project1,Wall-Ext_102Bwk-75Ins-100LBlk-12P,Wall-Ext_102Bwk-75Ins-100LBlk-12P,Basic Wall,Walls,309839,Joven_MS,CAD_137,07-06-24,10:27:54,Dynamo-51297CB5 Script
Project1,Wall-Ext_102Bwk-75Ins-100LBlk-12P,Wall-Ext_102Bwk-75Ins-100LBlk-12P,Basic Wall,Walls,309840,Joven_MS,CAD_137,07-06-24,10:27:54,Dynamo-51297CB5 Script
Project1,Wall-Ext_102Bwk-75Ins-100LBlk-12P,Wall-Ext_102Bwk-75Ins-100LBlk-12P,Basic Wall,Walls,309837,Joven_MS,CAD_137,07-06-24,10:31:36,Dynamo-51297CB5 Script
Project1,Wall-Ext_102Bwk-75Ins-100LBlk-12P,Wall-Ext_102Bwk-75Ins-100LBlk-12P,Basic Wall,Walls,309837,Joven_MS,CAD_137,07-06-24,10:32:00,Dynamo-51297CB5 Script
Project1,Wall-Ext_102Bwk-75Ins-100LBlk-12P,Wall-Ext_102Bwk-75Ins-100LBlk-12P,Basic Wall,Walls,309837,Joven_MS,CAD_137,07-06-24,10:33:06,Dynamo-51297CB5 Script
Project1,Wall-Ext_102Bwk-75Ins-100LBlk-12P,Wall-Ext_102Bwk-75Ins-100LBlk-12P,Basic Wall,Walls,309837,Joven_MS,CAD_137,07-06-24,10:33:37,Dynamo-51297CB5 Script
Project1,Wall-Ext_102Bwk-75Ins-100LBlk-12P,Wall-Ext_102Bwk-75Ins-100LBlk-12P,Basic Wall,Walls,309838,Joven_MS,CAD_137,07-06-24,10:33:37,Dynamo-51297CB5 Script
Project1,Wall-Ext_102Bwk-75Ins-100LBlk-12P,Wall-Ext_102Bwk-75Ins-100LBlk-12P,Basic Wall,Walls,309839,Joven_MS,CAD_137,07-06-24,10:33:37,Dynamo-51297CB5 Script
Project1,Wall-Ext_102Bwk-75Ins-100LBlk-12P,Wall-Ext_102Bwk-75Ins-100LBlk-12P,Basic Wall,Walls,309840,Joven_MS,CAD_137,07-06-24,10:33:37,Dynamo-51297CB5 Script
Project1,Detail Lines,,,Lines,309875,Joven_MS,CAD_137,07-06-24,11:12:36,Detail Lines
Project1,Detail Lines,,,Lines,309875,Joven_MS,CAD_137,07-06-24,11:12:38,Detail Lines
Project1,Detail Lines,,,Lines,309875,Joven_MS,CAD_137,07-06-24,11:12:38,Detail Lines
Project1,Detail Lines,,,Lines,309875,Joven_MS,CAD_137,07-06-24,11:12:39,Detail Lines
Project1,Detail Lines,,,Lines,309875,Joven_MS,CAD_137,07-06-24,11:12:40,Detail Lines
Project1,Model Lines,,,Lines,309989,Joven_MS,CAD_137,07-06-24,11:13:02,Lines
Project1,Model Lines,,,Lines,309989,Joven_MS,CAD_137,07-06-24,11:13:04,Lines
Project1,Model Lines,,,Lines,309989,Joven_MS,CAD_137,07-06-24,11:13:04,Lines
Project1,Model Lines,,,Lines,309989,Joven_MS,CAD_137,07-06-24,11:13:06,Lines
Project1,Model Lines,,,Lines,309989,Joven_MS,CAD_137,07-06-24,11:13:06,Lines
Project1,Model Lines,,,Lines,309989,Joven_MS,CAD_137,07-06-24,11:13:09,Lines
Project1,Model Lines,,,Lines,309989,Joven_MS,CAD_137,07-06-24,11:13:11,Lines
Project1,Model Lines,,,Lines,309989,Joven_MS,CAD_137,07-06-24,11:13:12,Lines
Project1,Wall-Ext_102Bwk-75Ins-100LBlk-12P,Wall-Ext_102Bwk-75Ins-100LBlk-12P,Basic Wall,Walls,309835,Joven_MS,CAD_137,07-06-24,13:30:43,Dynamo-51297CB5 Script
Project1,Wall-Ext_102Bwk-75Ins-100LBlk-12P,Wall-Ext_102Bwk-75Ins-100LBlk-12P,Basic Wall,Walls,309836,Joven_MS,CAD_137,07-06-24,13:30:43,Dynamo-51297CB5 Script
Project1,Wall-Ext_102Bwk-75Ins-100LBlk-12P,Wall-Ext_102Bwk-75Ins-100LBlk-12P,Basic Wall,Walls,309837,Joven_MS,CAD_137,07-06-24,13:30:43,Dynamo-51297CB5 Script
Project1,Wall-Ext_102Bwk-75Ins-100LBlk-12P,Wall-Ext_102Bwk-75Ins-100LBlk-12P,Basic Wall,Walls,309835,Joven_MS,CAD_137,07-06-24,13:32:00,Delete Selection
Project1,Wall-Ext_102Bwk-75Ins-100LBlk-12P,Wall-Ext_102Bwk-75Ins-100LBlk-12P,Basic Wall,Walls,309836,Joven_MS,CAD_137,07-06-24,13:32:00,Delete Selection
Project1,Wall-Ext_102Bwk-75Ins-100LBlk-12P,Wall-Ext_102Bwk-75Ins-100LBlk-12P,Basic Wall,Walls,309837,Joven_MS,CAD_137,07-06-24,13:32:00,Delete Selection
Project1,Wall-Ext_102Bwk-75Ins-100LBlk-12P,Wall-Ext_102Bwk-75Ins-100LBlk-12P,Basic Wall,Walls,309835,Joven_MS,CAD_137,07-06-24,13:32:02,Delete Selection
Project1,Wall-Ext_102Bwk-75Ins-100LBlk-12P,Wall-Ext_102Bwk-75Ins-100LBlk-12P,Basic Wall,Walls,309836,Joven_MS,CAD_137,07-06-24,13:32:02,Delete Selection
Project1,Wall-Ext_102Bwk-75Ins-100LBlk-12P,Wall-Ext_102Bwk-75Ins-100LBlk-12P,Basic Wall,Walls,309837,Joven_MS,CAD_137,07-06-24,13:32:02,Delete Selection
Project1,Wall-Ext_102Bwk-75Ins-100LBlk-12P,Wall-Ext_102Bwk-75Ins-100LBlk-12P,Basic Wall,Walls,309836,Joven_MS,CAD_137,07-06-24,13:32:05,Delete Selection
Project1,Wall-Ext_102Bwk-75Ins-100LBlk-12P,Wall-Ext_102Bwk-75Ins-100LBlk-12P,Basic Wall,Walls,309837,Joven_MS,CAD_137,07-06-24,13:32:05,Delete Selection
Project1,Wall-Ext_102Bwk-75Ins-100LBlk-12P,Wall-Ext_102Bwk-75Ins-100LBlk-12P,Basic Wall,Walls,309838,Joven_MS,CAD_137,07-06-24,13:32:05,Delete Selection
Project1,Wall-Ext_102Bwk-75Ins-100LBlk-12P,Wall-Ext_102Bwk-75Ins-100LBlk-12P,Basic Wall,Walls,309836,Joven_MS,CAD_137,07-06-24,13:32:06,Delete Selection
Project1,Wall-Ext_102Bwk-75Ins-100LBlk-12P,Wall-Ext_102Bwk-75Ins-100LBlk-12P,Basic Wall,Walls,309837,Joven_MS,CAD_137,07-06-24,13:32:06,Delete Selection
Project1,Wall-Ext_102Bwk-75Ins-100LBlk-12P,Wall-Ext_102Bwk-75Ins-100LBlk-12P,Basic Wall,Walls,309838,Joven_MS,CAD_137,07-06-24,13:32:06,Delete Selection
Project1,Wall-Ext_102Bwk-75Ins-100LBlk-12P,Wall-Ext_102Bwk-75Ins-100LBlk-12P,Basic Wall,Walls,309835,Joven_MS,CAD_137,07-06-24,13:32:08,Delete Selection
Project1,Wall-Ext_102Bwk-75Ins-100LBlk-12P,Wall-Ext_102Bwk-75Ins-100LBlk-12P,Basic Wall,Walls,309837,Joven_MS,CAD_137,07-06-24,13:32:08,Delete Selection
Project1,Wall-Ext_102Bwk-75Ins-100LBlk-12P,Wall-Ext_102Bwk-75Ins-100LBlk-12P,Basic Wall,Walls,309838,Joven_MS,CAD_137,07-06-24,13:32:08,Delete Selection
Project1,Wall-Ext_102Bwk-75Ins-100LBlk-12P,Wall-Ext_102Bwk-75Ins-100LBlk-12P,Basic Wall,Walls,309835,Joven_MS,CAD_137,07-06-24,13:32:10,Delete Selection
Project1,Wall-Ext_102Bwk-75Ins-100LBlk-12P,Wall-Ext_102Bwk-75Ins-100LBlk-12P,Basic Wall,Walls,309837,Joven_MS,CAD_137,07-06-24,13:32:10,Delete Selection
Project1,Wall-Ext_102Bwk-75Ins-100LBlk-12P,Wall-Ext_102Bwk-75Ins-100LBlk-12P,Basic Wall,Walls,309838,Joven_MS,CAD_137,07-06-24,13:32:10,Delete Selection
Project1,Wall-Ext_102Bwk-75Ins-100LBlk-12P,Wall-Ext_102Bwk-75Ins-100LBlk-12P,Basic Wall,Walls,309835,Joven_MS,CAD_137,07-06-24,13:32:12,Delete Selection
Project1,Wall-Ext_102Bwk-75Ins-100LBlk-12P,Wall-Ext_102Bwk-75Ins-100LBlk-12P,Basic Wall,Walls,309836,Joven_MS,CAD_137,07-06-24,13:32:12,Delete Selection
Project1,Wall-Ext_102Bwk-75Ins-100LBlk-12P,Wall-Ext_102Bwk-75Ins-100LBlk-12P,Basic Wall,Walls,309838,Joven_MS,CAD_137,07-06-24,13:32:12,Delete Selection
Project1,Wall-Ext_102Bwk-75Ins-100LBlk-12P,Wall-Ext_102Bwk-75Ins-100LBlk-12P,Basic Wall,Walls,309835,Joven_MS,CAD_137,07-06-24,13:32:14,Delete Selection
Project1,Wall-Ext_102Bwk-75Ins-100LBlk-12P,Wall-Ext_102Bwk-75Ins-100LBlk-12P,Basic Wall,Walls,309836,Joven_MS,CAD_137,07-06-24,13:32:14,Delete Selection
Project1,Wall-Ext_102Bwk-75Ins-100LBlk-12P,Wall-Ext_102Bwk-75Ins-100LBlk-12P,Basic Wall,Walls,309838,Joven_MS,CAD_137,07-06-24,13:32:14,Delete Selection
Project1,Model Lines,,,Lines,309989,Joven_MS,CAD_137,07-06-24,13:32:18,Drag Line End
Project1,Model Lines,,,Lines,309989,Joven_MS,CAD_137,07-06-24,13:32:23,Drag Line End
Project1,Model Lines,,,Lines,310309,Joven_MS,CAD_137,07-06-24,13:32:31,Lines
Project1,Model Lines,,,Lines,310309,Joven_MS,CAD_137,07-06-24,13:32:32,Lines
Project1,Model Lines,,,Lines,310309,Joven_MS,CAD_137,07-06-24,13:32:33,Lines
Project1,Model Lines,,,Lines,310309,Joven_MS,CAD_137,07-06-24,13:32:34,Lines
Project1,Model Lines,,,Lines,310309,Joven_MS,CAD_137,07-06-24,13:32:34,Lines
Project1,Model Lines,,,Lines,310309,Joven_MS,CAD_137,07-06-24,13:32:35,Lines
Project1,Model Lines,,,Lines,310309,Joven_MS,CAD_137,07-06-24,13:32:35,Lines
Project1,Model Lines,,,Lines,310309,Joven_MS,CAD_137,07-06-24,13:32:36,Lines
Project1,Model Lines,,,Lines,310309,Joven_MS,CAD_137,07-06-24,13:32:37,Lines
Project1,Model Lines,,,Lines,310309,Joven_MS,CAD_137,07-06-24,13:32:38,Lines
Project1,Model Lines,,,Lines,310309,Joven_MS,CAD_137,07-06-24,13:32:39,Lines
Project1,Wall-Ext_102Bwk-75Ins-100LBlk-12P,Wall-Ext_102Bwk-75Ins-100LBlk-12P,Basic Wall,Walls,309835,Joven_MS,CAD_137,07-06-24,13:32:47,Dynamo-51297CB5 Script
Project1,Wall-Ext_102Bwk-75Ins-100LBlk-12P,Wall-Ext_102Bwk-75Ins-100LBlk-12P,Basic Wall,Walls,309836,Joven_MS,CAD_137,07-06-24,13:32:47,Dynamo-51297CB5 Script
Project1,Wall-Ext_102Bwk-75Ins-100LBlk-12P,Wall-Ext_102Bwk-75Ins-100LBlk-12P,Basic Wall,Walls,309837,Joven_MS,CAD_137,07-06-24,13:32:47,Dynamo-51297CB5 Script
Project1,Wall-Ext_102Bwk-75Ins-100LBlk-12P,Wall-Ext_102Bwk-75Ins-100LBlk-12P,Basic Wall,Walls,309838,Joven_MS,CAD_137,07-06-24,13:32:47,Dynamo-51297CB5 Script
Project1,Wall-Ext_102Bwk-75Ins-100LBlk-12P,Wall-Ext_102Bwk-75Ins-100LBlk-12P,Basic Wall,Walls,309835,Joven_MS,CAD_137,07-06-24,14:19:31,Test Button 03
Project1,Wall-Ext_102Bwk-75Ins-100LBlk-12P,Wall-Ext_102Bwk-75Ins-100LBlk-12P,Basic Wall,Walls,309836,Joven_MS,CAD_137,07-06-24,14:19:31,Test Button 03
Project1,Wall-Ext_102Bwk-75Ins-100LBlk-12P,Wall-Ext_102Bwk-75Ins-100LBlk-12P,Basic Wall,Walls,309837,Joven_MS,CAD_137,07-06-24,14:19:31,Test Button 03
Project1,Wall-Ext_102Bwk-75Ins-100LBlk-12P,Wall-Ext_102Bwk-75Ins-100LBlk-12P,Basic Wall,Walls,309838,Joven_MS,CAD_137,07-06-24,14:19:31,Test Button 03
Project1,Wall-Ext_102Bwk-75Ins-100LBlk-12P,Wall-Ext_102Bwk-75Ins-100LBlk-12P,Basic Wall,Walls,309836,Joven_MS,CAD_137,07-06-24,14:30:00,Modify element attributes
Project1,Wall-Ext_102Bwk-75Ins-100LBlk-12P,Wall-Ext_102Bwk-75Ins-100LBlk-12P,Basic Wall,Walls,309836,Joven_MS,CAD_137,07-06-24,14:30:16,Test Button 03
Project1,Model Lines,,,Lines,310564,Joven_MS,CAD_137,07-06-24,14:30:44,Lines
Project1,Model Lines,,,Lines,310564,Joven_MS,CAD_137,07-06-24,14:30:46,Lines
Project1,Model Lines,,,Lines,310564,Joven_MS,CAD_137,07-06-24,14:30:47,Lines
Project1,Model Lines,,,Lines,310564,Joven_MS,CAD_137,07-06-24,14:30:48,Lines
Project1,Model Lines,,,Lines,310564,Joven_MS,CAD_137,07-06-24,14:30:49,Lines
Project1,Model Lines,,,Lines,310564,Joven_MS,CAD_137,07-06-24,14:30:50,Lines
Project1,Model Lines,,,Lines,310564,Joven_MS,CAD_137,07-06-24,14:30:50,Lines
Project1,Model Lines,,,Lines,310564,Joven_MS,CAD_137,07-06-24,14:31:15,Drag Line End
Project1,Wall-Ext_102Bwk-75Ins-100LBlk-12P,Wall-Ext_102Bwk-75Ins-100LBlk-12P,Basic Wall,Walls,309835,Joven_MS,CAD_137,07-06-24,14:32:25,Drag Wall End
Project1,Wall-Ext_102Bwk-75Ins-100LBlk-12P,Wall-Ext_102Bwk-75Ins-100LBlk-12P,Basic Wall,Walls,309836,Joven_MS,CAD_137,07-06-24,14:32:25,Drag Wall End
Project1,Wall-Ext_102Bwk-75Ins-100LBlk-12P,Wall-Ext_102Bwk-75Ins-100LBlk-12P,Basic Wall,Walls,309837,Joven_MS,CAD_137,07-06-24,14:32:25,Drag Wall End
Project1,Wall-Ext_102Bwk-75Ins-100LBlk-12P,Wall-Ext_102Bwk-75Ins-100LBlk-12P,Basic Wall,Walls,309838,Joven_MS,CAD_137,07-06-24,14:32:25,Drag Wall End
Project1,Wall-Ext_102Bwk-75Ins-100LBlk-12P,Wall-Ext_102Bwk-75Ins-100LBlk-12P,Basic Wall,Walls,309835,Joven_MS,CAD_137,07-06-24,14:32:35,Drag Wall End
Project1,Wall-Ext_102Bwk-75Ins-100LBlk-12P,Wall-Ext_102Bwk-75Ins-100LBlk-12P,Basic Wall,Walls,309836,Joven_MS,CAD_137,07-06-24,14:32:35,Drag Wall End
Project1,Wall-Ext_102Bwk-75Ins-100LBlk-12P,Wall-Ext_102Bwk-75Ins-100LBlk-12P,Basic Wall,Walls,309837,Joven_MS,CAD_137,07-06-24,14:32:35,Drag Wall End
Project1,Wall-Ext_102Bwk-75Ins-100LBlk-12P,Wall-Ext_102Bwk-75Ins-100LBlk-12P,Basic Wall,Walls,309838,Joven_MS,CAD_137,07-06-24,14:32:35,Drag Wall End
Project1,Model Lines,,,Lines,310719,Joven_MS,CAD_137,07-06-24,14:33:18,Lines
Project1,Model Lines,,,Lines,310719,Joven_MS,CAD_137,07-06-24,14:33:19,Lines
Project1,Model Lines,,,Lines,310719,Joven_MS,CAD_137,07-06-24,14:33:20,Lines
Project1,Model Lines,,,Lines,310719,Joven_MS,CAD_137,07-06-24,14:33:20,Lines
Project1,Model Lines,,,Lines,310719,Joven_MS,CAD_137,07-06-24,14:33:21,Lines
Project1,Model Lines,,,Lines,310719,Joven_MS,CAD_137,07-06-24,14:33:22,Lines
Project1,Model Lines,,,Lines,310719,Joven_MS,CAD_137,07-06-24,14:33:23,Lines
Project1,Model Lines,,,Lines,310719,Joven_MS,CAD_137,07-06-24,14:33:23,Lines
Project1,Model Lines,,,Lines,310719,Joven_MS,CAD_137,07-06-24,14:33:24,Lines
Project1,Model Lines,,,Lines,310719,Joven_MS,CAD_137,07-06-24,14:33:25,Lines
Project1,Model Lines,,,Lines,310719,Joven_MS,CAD_137,07-06-24,14:33:25,Lines
Project1,Model Lines,,,Lines,310719,Joven_MS,CAD_137,07-06-24,14:33:27,Lines
Project1,Model Lines,,,Lines,310719,Joven_MS,CAD_137,07-06-24,14:33:28,Lines
Project1,Model Lines,,,Lines,310719,Joven_MS,CAD_137,07-06-24,14:33:28,Lines
Project1,Wall-Ext_102Bwk-75Ins-100LBlk-12P,Wall-Ext_102Bwk-75Ins-100LBlk-12P,Basic Wall,Walls,310816,Joven_MS,CAD_137,07-06-24,14:36:20,Wall - Line
Project1,Wall-Ext_102Bwk-75Ins-100LBlk-12P,Wall-Ext_102Bwk-75Ins-100LBlk-12P,Basic Wall,Walls,310816,Joven_MS,CAD_137,07-06-24,14:36:22,Wall - Line
Project1,Wall-Ext_102Bwk-75Ins-100LBlk-12P,Wall-Ext_102Bwk-75Ins-100LBlk-12P,Basic Wall,Walls,310857,Joven_MS,CAD_137,07-06-24,14:36:22,Wall - Line
Project1,Wall-Ext_102Bwk-75Ins-100LBlk-12P,Wall-Ext_102Bwk-75Ins-100LBlk-12P,Basic Wall,Walls,310857,Joven_MS,CAD_137,07-06-24,14:36:28,Copy
Project1,Wall-Ext_102Bwk-75Ins-100LBlk-12P,Wall-Ext_102Bwk-75Ins-100LBlk-12P,Basic Wall,Walls,310857,Joven_MS,CAD_137,07-06-24,14:36:29,Copy
Project1,Wall-Ext_102Bwk-75Ins-100LBlk-12P,Wall-Ext_102Bwk-75Ins-100LBlk-12P,Basic Wall,Walls,310857,Joven_MS,CAD_137,07-06-24,14:36:31,Copy
Project1,Wall-Ext_102Bwk-75Ins-100LBlk-12P,Wall-Ext_102Bwk-75Ins-100LBlk-12P,Basic Wall,Walls,310857,Joven_MS,CAD_137,07-06-24,14:36:32,Copy
Project1,Model Lines,,,Lines,311028,Joven_MS,CAD_137,07-06-24,14:36:48,Lines
Project1,Model Lines,,,Lines,311101,Joven_MS,CAD_137,07-06-24,14:37:09,Lines
Project1,Model Lines,,,Lines,311101,Joven_MS,CAD_137,07-06-24,14:37:11,Lines
Project1,Model Lines,,,Lines,311101,Joven_MS,CAD_137,07-06-24,14:37:11,Lines
Project1,Model Lines,,,Lines,311101,Joven_MS,CAD_137,07-06-24,14:37:12,Lines
Project1,Model Lines,,,Lines,311101,Joven_MS,CAD_137,07-06-24,14:37:13,Lines
Project1,Model Lines,,,Lines,311101,Joven_MS,CAD_137,07-06-24,14:37:18,Lines
Project1,Wall-Ext_102Bwk-75Ins-100LBlk-12P,Wall-Ext_102Bwk-75Ins-100LBlk-12P,Basic Wall,Walls,310816,Joven_MS,CAD_137,07-06-24,14:39:10,Test Button 03
Project1,Wall-Ext_102Bwk-75Ins-100LBlk-12P,Wall-Ext_102Bwk-75Ins-100LBlk-12P,Basic Wall,Walls,310857,Joven_MS,CAD_137,07-06-24,14:39:10,Test Button 03
Project1,Wall-Ext_102Bwk-75Ins-100LBlk-12P,Wall-Ext_102Bwk-75Ins-100LBlk-12P,Basic Wall,Walls,310883,Joven_MS,CAD_137,07-06-24,14:39:10,Test Button 03
Project1,Wall-Ext_102Bwk-75Ins-100LBlk-12P,Wall-Ext_102Bwk-75Ins-100LBlk-12P,Basic Wall,Walls,310932,Joven_MS,CAD_137,07-06-24,14:39:10,Test Button 03
Project1,Wall-Ext_102Bwk-75Ins-100LBlk-12P,Wall-Ext_102Bwk-75Ins-100LBlk-12P,Basic Wall,Walls,310940,Joven_MS,CAD_137,07-06-24,14:39:10,Test Button 03
Project1,Wall-Ext_102Bwk-75Ins-100LBlk-12P,Wall-Ext_102Bwk-75Ins-100LBlk-12P,Basic Wall,Walls,310948,Joven_MS,CAD_137,07-06-24,14:39:10,Test Button 03
Project1,Wall-Ext_102Bwk-75Ins-100LBlk-12P,Wall-Ext_102Bwk-75Ins-100LBlk-12P,Basic Wall,Walls,310956,Joven_MS,CAD_137,07-06-24,14:39:10,Test Button 03
Project1,Wall-Ext_102Bwk-75Ins-100LBlk-12P,Wall-Ext_102Bwk-75Ins-100LBlk-12P,Basic Wall,Walls,310816,Joven_MS,CAD_137,07-06-24,14:49:56,Test Button 03
Project1,Wall-Ext_102Bwk-75Ins-100LBlk-12P,Wall-Ext_102Bwk-75Ins-100LBlk-12P,Basic Wall,Walls,310857,Joven_MS,CAD_137,07-06-24,14:49:56,Test Button 03
Project1,Wall-Ext_102Bwk-75Ins-100LBlk-12P,Wall-Ext_102Bwk-75Ins-100LBlk-12P,Basic Wall,Walls,310883,Joven_MS,CAD_137,07-06-24,14:49:56,Test Button 03
Project1,Wall-Ext_102Bwk-75Ins-100LBlk-12P,Wall-Ext_102Bwk-75Ins-100LBlk-12P,Basic Wall,Walls,310932,Joven_MS,CAD_137,07-06-24,14:49:56,Test Button 03
Project1,Wall-Ext_102Bwk-75Ins-100LBlk-12P,Wall-Ext_102Bwk-75Ins-100LBlk-12P,Basic Wall,Walls,310940,Joven_MS,CAD_137,07-06-24,14:49:56,Test Button 03
Project1,Wall-Ext_102Bwk-75Ins-100LBlk-12P,Wall-Ext_102Bwk-75Ins-100LBlk-12P,Basic Wall,Walls,310948,Joven_MS,CAD_137,07-06-24,14:49:56,Test Button 03
Project1,Wall-Ext_102Bwk-75Ins-100LBlk-12P,Wall-Ext_102Bwk-75Ins-100LBlk-12P,Basic Wall,Walls,310956,Joven_MS,CAD_137,07-06-24,14:49:56,Test Button 03
Project1,Model Lines,,,Lines,311441,Joven_MS,CAD_137,07-06-24,14:50:30,Lines
Project1,Model Lines,,,Lines,311441,Joven_MS,CAD_137,07-06-24,14:50:31,Lines
Project1,Model Lines,,,Lines,311441,Joven_MS,CAD_137,07-06-24,14:50:33,Lines
Project1,Model Lines,,,Lines,311441,Joven_MS,CAD_137,07-06-24,14:50:34,Lines
Project1,Model Lines,,,Lines,311441,Joven_MS,CAD_137,07-06-24,14:51:37,Drag Line End
Project1,Model Lines,,,Lines,311441,Joven_MS,CAD_137,07-06-24,14:51:43,Drag Line End
Project1,Model Lines,,,Lines,311695,Joven_MS,CAD_137,07-06-24,14:53:12,Lines
Project1,Model Lines,,,Lines,311695,Joven_MS,CAD_137,07-06-24,14:53:16,Lines
Project1,Model Lines,,,Lines,311695,Joven_MS,CAD_137,07-06-24,14:53:17,Lines
Project1,Model Lines,,,Lines,311695,Joven_MS,CAD_137,07-06-24,14:53:18,Lines
Project1,Model Lines,,,Lines,311695,Joven_MS,CAD_137,07-06-24,14:53:20,Lines
Project1,Model Lines,,,Lines,311695,Joven_MS,CAD_137,07-06-24,14:53:21,Lines
Project1,Wall-Ext_102Bwk-75Ins-100LBlk-12P,Wall-Ext_102Bwk-75Ins-100LBlk-12P,Basic Wall,Walls,310816,Joven_MS,CAD_137,07-06-24,14:53:41,Test Button 03
Project1,Wall-Ext_102Bwk-75Ins-100LBlk-12P,Wall-Ext_102Bwk-75Ins-100LBlk-12P,Basic Wall,Walls,310883,Joven_MS,CAD_137,07-06-24,14:53:41,Test Button 03
Project1,Wall-Ext_102Bwk-75Ins-100LBlk-12P,Wall-Ext_102Bwk-75Ins-100LBlk-12P,Basic Wall,Walls,310932,Joven_MS,CAD_137,07-06-24,14:53:41,Test Button 03
Project1,Wall-Ext_102Bwk-75Ins-100LBlk-12P,Wall-Ext_102Bwk-75Ins-100LBlk-12P,Basic Wall,Walls,310940,Joven_MS,CAD_137,07-06-24,14:53:41,Test Button 03
Project1,Wall-Ext_102Bwk-75Ins-100LBlk-12P,Wall-Ext_102Bwk-75Ins-100LBlk-12P,Basic Wall,Walls,310948,Joven_MS,CAD_137,07-06-24,14:53:41,Test Button 03
Project1,Wall-Ext_102Bwk-75Ins-100LBlk-12P,Wall-Ext_102Bwk-75Ins-100LBlk-12P,Basic Wall,Walls,310956,Joven_MS,CAD_137,07-06-24,14:53:41,Test Button 03
Project1,Model Lines,,,Lines,311932,Joven_MS,CAD_137,07-06-24,14:54:30,Lines
Project1,Model Lines,,,Lines,311932,Joven_MS,CAD_137,07-06-24,14:54:31,Lines
Project1,Model Lines,,,Lines,311932,Joven_MS,CAD_137,07-06-24,14:54:32,Lines
Project1,Model Lines,,,Lines,311932,Joven_MS,CAD_137,07-06-24,14:54:34,Lines
Project1,Model Lines,,,Lines,311932,Joven_MS,CAD_137,07-06-24,14:54:35,Lines
Project1,Model Lines,,,Lines,311932,Joven_MS,CAD_137,07-06-24,14:54:37,Lines
Project1,Model Lines,,,Lines,311932,Joven_MS,CAD_137,07-06-24,14:54:40,Lines
Project1,Model Lines,,,Lines,311932,Joven_MS,CAD_137,07-06-24,14:54:41,Lines
Project1,Model Lines,,,Lines,311932,Joven_MS,CAD_137,07-06-24,14:54:44,Lines
Project1,Model Lines,,,Lines,311961,Joven_MS,CAD_137,07-06-24,14:54:44,Lines
Project1,Wall-Ext_102Bwk-75Ins-100LBlk-12P,Wall-Ext_102Bwk-75Ins-100LBlk-12P,Basic Wall,Walls,310816,Joven_MS,CAD_137,07-06-24,14:55:02,Test Button 03
Project1,Wall-Ext_102Bwk-75Ins-100LBlk-12P,Wall-Ext_102Bwk-75Ins-100LBlk-12P,Basic Wall,Walls,310883,Joven_MS,CAD_137,07-06-24,14:55:02,Test Button 03
Project1,Wall-Ext_102Bwk-75Ins-100LBlk-12P,Wall-Ext_102Bwk-75Ins-100LBlk-12P,Basic Wall,Walls,310932,Joven_MS,CAD_137,07-06-24,14:55:02,Test Button 03
Project1,Wall-Ext_102Bwk-75Ins-100LBlk-12P,Wall-Ext_102Bwk-75Ins-100LBlk-12P,Basic Wall,Walls,310940,Joven_MS,CAD_137,07-06-24,14:55:02,Test Button 03
Project1,Wall-Ext_102Bwk-75Ins-100LBlk-12P,Wall-Ext_102Bwk-75Ins-100LBlk-12P,Basic Wall,Walls,310948,Joven_MS,CAD_137,07-06-24,14:55:02,Test Button 03
Project1,Wall-Ext_102Bwk-75Ins-100LBlk-12P,Wall-Ext_102Bwk-75Ins-100LBlk-12P,Basic Wall,Walls,310956,Joven_MS,CAD_137,07-06-24,14:55:02,Test Button 03
Project1,Model Lines,,,Lines,311961,Joven_MS,CAD_137,07-06-24,14:55:36,Delete Selection
Project1,Model Lines,,,Lines,311961,Joven_MS,CAD_137,07-06-24,14:55:42,Delete Selection
Project1,Model Lines,,,Lines,311932,Joven_MS,CAD_137,07-06-24,14:55:46,Delete Selection
Project1,Model Lines,,,Lines,311932,Joven_MS,CAD_137,07-06-24,14:55:56,Drag Line End
Project1,Model Lines,,,Lines,311932,Joven_MS,CAD_137,07-06-24,14:56:00,Drag Line End
Project1,Model Lines,,,Lines,311932,Joven_MS,CAD_137,07-06-24,14:56:04,Drag Line End
Project1,Model Lines,,,Lines,311932,Joven_MS,CAD_137,07-06-24,14:56:07,Drag
Project1,Model Lines,,,Lines,311932,Joven_MS,CAD_137,07-06-24,14:56:10,Drag Line End
Project1,Model Lines,,,Lines,311932,Joven_MS,CAD_137,07-06-24,14:56:12,Drag Line End
Project1,Model Lines,,,Lines,311932,Joven_MS,CAD_137,07-06-24,14:56:13,Drag Line End
Project1,Model Lines,,,Lines,311932,Joven_MS,CAD_137,07-06-24,14:56:15,Drag Line End
Project1,Model Lines,,,Lines,311932,Joven_MS,CAD_137,07-06-24,14:56:24,Drag Line End
Project1,Model Lines,,,Lines,311932,Joven_MS,CAD_137,07-06-24,14:56:28,Drag Line End
Project1,Model Lines,,,Lines,311932,Joven_MS,CAD_137,07-06-24,14:56:32,Drag Line End
Project1,Model Lines,,,Lines,311932,Joven_MS,CAD_137,07-06-24,14:56:36,Drag Line End
Project1,Model Lines,,,Lines,311932,Joven_MS,CAD_137,07-06-24,14:56:39,Drag Line End
Project1,Model Lines,,,Lines,311932,Joven_MS,CAD_137,07-06-24,14:56:44,Drag Line End
Project1,Model Lines,,,Lines,311932,Joven_MS,CAD_137,07-06-24,14:57:23,Drag Line End
Project1,Model Lines,,,Lines,311932,Joven_MS,CAD_137,07-06-24,14:57:25,Drag Line End
Project1,Model Lines,,,Lines,312480,Joven_MS,CAD_137,07-06-24,14:57:37,Lines
Project1,Model Lines,,,Lines,312480,Joven_MS,CAD_137,07-06-24,14:57:40,Lines
Project1,Model Lines,,,Lines,312480,Joven_MS,CAD_137,07-06-24,14:57:41,Lines
Project1,Model Lines,,,Lines,312480,Joven_MS,CAD_137,07-06-24,14:57:42,Lines
Project1,Model Lines,,,Lines,312480,Joven_MS,CAD_137,07-06-24,14:57:44,Lines
Project1,Wall-Ext_102Bwk-75Ins-100LBlk-12P,Wall-Ext_102Bwk-75Ins-100LBlk-12P,Basic Wall,Walls,310816,Joven_MS,CAD_137,07-06-24,14:58:02,Test Button 03
Project1,Wall-Ext_102Bwk-75Ins-100LBlk-12P,Wall-Ext_102Bwk-75Ins-100LBlk-12P,Basic Wall,Walls,310857,Joven_MS,CAD_137,07-06-24,14:58:02,Test Button 03
Project1,Wall-Ext_102Bwk-75Ins-100LBlk-12P,Wall-Ext_102Bwk-75Ins-100LBlk-12P,Basic Wall,Walls,310932,Joven_MS,CAD_137,07-06-24,14:58:02,Test Button 03
Project1,Wall-Ext_102Bwk-75Ins-100LBlk-12P,Wall-Ext_102Bwk-75Ins-100LBlk-12P,Basic Wall,Walls,310940,Joven_MS,CAD_137,07-06-24,14:58:02,Test Button 03
Project1,Wall-Ext_102Bwk-75Ins-100LBlk-12P,Wall-Ext_102Bwk-75Ins-100LBlk-12P,Basic Wall,Walls,310932,Joven_MS,CAD_137,07-06-24,14:58:27,Delete Selection
Project1,Wall-Ext_102Bwk-75Ins-100LBlk-12P,Wall-Ext_102Bwk-75Ins-100LBlk-12P,Basic Wall,Walls,310940,Joven_MS,CAD_137,07-06-24,14:58:27,Delete Selection
Project1,Wall-Ext_102Bwk-75Ins-100LBlk-12P,Wall-Ext_102Bwk-75Ins-100LBlk-12P,Basic Wall,Walls,310948,Joven_MS,CAD_137,07-06-24,14:58:27,Delete Selection
Project1,Wall-Ext_102Bwk-75Ins-100LBlk-12P,Wall-Ext_102Bwk-75Ins-100LBlk-12P,Basic Wall,Walls,310956,Joven_MS,CAD_137,07-06-24,14:58:27,Delete Selection
Project1,Wall-Ext_102Bwk-75Ins-100LBlk-12P,Wall-Ext_102Bwk-75Ins-100LBlk-12P,Basic Wall,Walls,312606,Joven_MS,CAD_137,07-06-24,14:58:36,Wall - Line
Project1,Wall-Ext_102Bwk-75Ins-100LBlk-12P,Wall-Ext_102Bwk-75Ins-100LBlk-12P,Basic Wall,Walls,312606,Joven_MS,CAD_137,07-06-24,14:58:40,Delete Selection
Project1,Wall-Ext_102Bwk-75Ins-100LBlk-12P,Wall-Ext_102Bwk-75Ins-100LBlk-12P,Basic Wall,Walls,312678,Joven_MS,CAD_137,07-06-24,14:58:46,Wall - Line
Project1,Wall-Ext_102Bwk-75Ins-100LBlk-12P,Wall-Ext_102Bwk-75Ins-100LBlk-12P,Basic Wall,Walls,312678,Joven_MS,CAD_137,07-06-24,14:58:47,Wall - Line
Project1,Wall-Ext_102Bwk-75Ins-100LBlk-12P,Wall-Ext_102Bwk-75Ins-100LBlk-12P,Basic Wall,Walls,312685,Joven_MS,CAD_137,07-06-24,14:58:47,Wall - Line
Project1,Wall-Ext_102Bwk-75Ins-100LBlk-12P,Wall-Ext_102Bwk-75Ins-100LBlk-12P,Basic Wall,Walls,312685,Joven_MS,CAD_137,07-06-24,14:58:49,Wall - Line
Project1,Wall-Ext_102Bwk-75Ins-100LBlk-12P,Wall-Ext_102Bwk-75Ins-100LBlk-12P,Basic Wall,Walls,312697,Joven_MS,CAD_137,07-06-24,14:58:49,Wall - Line
Project1,Wall-Ext_102Bwk-75Ins-100LBlk-12P,Wall-Ext_102Bwk-75Ins-100LBlk-12P,Basic Wall,Walls,312697,Joven_MS,CAD_137,07-06-24,14:58:51,Wall - Line
Project1,Wall-Ext_102Bwk-75Ins-100LBlk-12P,Wall-Ext_102Bwk-75Ins-100LBlk-12P,Basic Wall,Walls,312750,Joven_MS,CAD_137,07-06-24,14:58:51,Wall - Line
Project1,Wall-Ext_102Bwk-75Ins-100LBlk-12P,Wall-Ext_102Bwk-75Ins-100LBlk-12P,Basic Wall,Walls,312750,Joven_MS,CAD_137,07-06-24,14:58:52,Wall - Line
Project1,Wall-Ext_102Bwk-75Ins-100LBlk-12P,Wall-Ext_102Bwk-75Ins-100LBlk-12P,Basic Wall,Walls,312764,Joven_MS,CAD_137,07-06-24,14:58:52,Wall - Line
Project1,Wall-Ext_102Bwk-75Ins-100LBlk-12P,Wall-Ext_102Bwk-75Ins-100LBlk-12P,Basic Wall,Walls,312764,Joven_MS,CAD_137,07-06-24,14:58:54,Wall - Line
Project1,Wall-Ext_102Bwk-75Ins-100LBlk-12P,Wall-Ext_102Bwk-75Ins-100LBlk-12P,Basic Wall,Walls,312786,Joven_MS,CAD_137,07-06-24,14:58:54,Wall - Line
Project1,Wall-Ext_102Bwk-75Ins-100LBlk-12P,Wall-Ext_102Bwk-75Ins-100LBlk-12P,Basic Wall,Walls,312786,Joven_MS,CAD_137,07-06-24,14:58:55,Wall - Line
Project1,Wall-Ext_102Bwk-75Ins-100LBlk-12P,Wall-Ext_102Bwk-75Ins-100LBlk-12P,Basic Wall,Walls,312849,Joven_MS,CAD_137,07-06-24,14:58:55,Wall - Line
Project1,Wall-Ext_102Bwk-75Ins-100LBlk-12P,Wall-Ext_102Bwk-75Ins-100LBlk-12P,Basic Wall,Walls,312849,Joven_MS,CAD_137,07-06-24,14:58:56,Wall - Line
Project1,Wall-Ext_102Bwk-75Ins-100LBlk-12P,Wall-Ext_102Bwk-75Ins-100LBlk-12P,Basic Wall,Walls,312860,Joven_MS,CAD_137,07-06-24,14:58:56,Wall - Line
Project1,Wall-Ext_102Bwk-75Ins-100LBlk-12P,Wall-Ext_102Bwk-75Ins-100LBlk-12P,Basic Wall,Walls,312860,Joven_MS,CAD_137,07-06-24,14:58:58,Wall - Line
Project1,Wall-Ext_102Bwk-75Ins-100LBlk-12P,Wall-Ext_102Bwk-75Ins-100LBlk-12P,Basic Wall,Walls,312878,Joven_MS,CAD_137,07-06-24,14:58:58,Wall - Line
Project1,Wall-Ext_102Bwk-75Ins-100LBlk-12P,Wall-Ext_102Bwk-75Ins-100LBlk-12P,Basic Wall,Walls,312878,Joven_MS,CAD_137,07-06-24,14:58:59,Wall - Line
Project1,Wall-Ext_102Bwk-75Ins-100LBlk-12P,Wall-Ext_102Bwk-75Ins-100LBlk-12P,Basic Wall,Walls,312897,Joven_MS,CAD_137,07-06-24,14:58:59,Wall - Line
Project1,Wall-Ext_102Bwk-75Ins-100LBlk-12P,Wall-Ext_102Bwk-75Ins-100LBlk-12P,Basic Wall,Walls,312897,Joven_MS,CAD_137,07-06-24,14:59:02,Wall - Line
Project1,Wall-Ext_102Bwk-75Ins-100LBlk-12P,Wall-Ext_102Bwk-75Ins-100LBlk-12P,Basic Wall,Walls,312919,Joven_MS,CAD_137,07-06-24,14:59:02,Wall - Line
Project1,Wall-Ext_102Bwk-75Ins-100LBlk-12P,Wall-Ext_102Bwk-75Ins-100LBlk-12P,Basic Wall,Walls,312678,Joven_MS,CAD_137,07-06-24,14:59:04,Trim/Extend to Corner
Project1,Wall-Ext_102Bwk-75Ins-100LBlk-12P,Wall-Ext_102Bwk-75Ins-100LBlk-12P,Basic Wall,Walls,312685,Joven_MS,CAD_137,07-06-24,14:59:04,Trim/Extend to Corner
Project1,Wall-Ext_102Bwk-75Ins-100LBlk-12P,Wall-Ext_102Bwk-75Ins-100LBlk-12P,Basic Wall,Walls,312919,Joven_MS,CAD_137,07-06-24,14:59:04,Trim/Extend to Corner
Project1,Wall-Ext_102Bwk-75Ins-100LBlk-12P,Wall-Ext_102Bwk-75Ins-100LBlk-12P,Basic Wall,Walls,312950,Joven_MS,CAD_137,07-06-24,14:59:04,Trim/Extend to Corner
Project1,Model Lines,,,Lines,313025,Joven_MS,CAD_137,07-06-24,14:59:14,Lines
Project1,Model Lines,,,Lines,313025,Joven_MS,CAD_137,07-06-24,14:59:15,Lines
Project1,Model Lines,,,Lines,313025,Joven_MS,CAD_137,07-06-24,14:59:19,Lines
Project1,Model Lines,,,Lines,313025,Joven_MS,CAD_137,07-06-24,14:59:22,Lines
Project1,Model Lines,,,Lines,313025,Joven_MS,CAD_137,07-06-24,14:59:24,Lines
Project1,Model Lines,,,Lines,313025,Joven_MS,CAD_137,07-06-24,14:59:25,Lines
Project1,Model Lines,,,Lines,313025,Joven_MS,CAD_137,07-06-24,14:59:27,Lines
Project1,Model Lines,,,Lines,313025,Joven_MS,CAD_137,07-06-24,14:59:28,Lines
Project1,Model Lines,,,Lines,313025,Joven_MS,CAD_137,07-06-24,14:59:29,Lines
Project1,Model Lines,,,Lines,313025,Joven_MS,CAD_137,07-06-24,14:59:30,Lines
Project1,Model Lines,,,Lines,313025,Joven_MS,CAD_137,07-06-24,14:59:31,Lines
Project1,Model Lines,,,Lines,313025,Joven_MS,CAD_137,07-06-24,14:59:34,Lines
Project1,Model Lines,,,Lines,313025,Joven_MS,CAD_137,07-06-24,14:59:35,Lines
Project1,Model Lines,,,Lines,313025,Joven_MS,CAD_137,07-06-24,14:59:36,Lines
Project1,Model Lines,,,Lines,313025,Joven_MS,CAD_137,07-06-24,14:59:38,Lines
Project1,Model Lines,,,Lines,313025,Joven_MS,CAD_137,07-06-24,14:59:41,Lines
Project1,Model Lines,,,Lines,313025,Joven_MS,CAD_137,07-06-24,14:59:44,Lines
Project1,Model Lines,,,Lines,313025,Joven_MS,CAD_137,07-06-24,14:59:45,Lines
Project1,Model Lines,,,Lines,313025,Joven_MS,CAD_137,07-06-24,14:59:46,Lines
Project1,Model Lines,,,Lines,313025,Joven_MS,CAD_137,07-06-24,14:59:47,Lines
Project1,Model Lines,,,Lines,313025,Joven_MS,CAD_137,07-06-24,14:59:49,Lines
Project1,Model Lines,,,Lines,313025,Joven_MS,CAD_137,07-06-24,14:59:59,Drag Line End
Project1,Model Lines,,,Lines,313025,Joven_MS,CAD_137,07-06-24,15:00:06,Drag Line End
Project1,Model Lines,,,Lines,313025,Joven_MS,CAD_137,07-06-24,15:00:09,Drag Line End
Project1,Wall-Ext_102Bwk-75Ins-100LBlk-12P,Wall-Ext_102Bwk-75Ins-100LBlk-12P,Basic Wall,Walls,312678,Joven_MS,CAD_137,07-06-24,15:00:32,Test Button 03
Project1,Wall-Ext_102Bwk-75Ins-100LBlk-12P,Wall-Ext_102Bwk-75Ins-100LBlk-12P,Basic Wall,Walls,312685,Joven_MS,CAD_137,07-06-24,15:00:32,Test Button 03
Project1,Wall-Ext_102Bwk-75Ins-100LBlk-12P,Wall-Ext_102Bwk-75Ins-100LBlk-12P,Basic Wall,Walls,312697,Joven_MS,CAD_137,07-06-24,15:00:32,Test Button 03
Project1,Wall-Ext_102Bwk-75Ins-100LBlk-12P,Wall-Ext_102Bwk-75Ins-100LBlk-12P,Basic Wall,Walls,312750,Joven_MS,CAD_137,07-06-24,15:00:32,Test Button 03
Project1,Wall-Ext_102Bwk-75Ins-100LBlk-12P,Wall-Ext_102Bwk-75Ins-100LBlk-12P,Basic Wall,Walls,312764,Joven_MS,CAD_137,07-06-24,15:00:32,Test Button 03
Project1,Wall-Ext_102Bwk-75Ins-100LBlk-12P,Wall-Ext_102Bwk-75Ins-100LBlk-12P,Basic Wall,Walls,312786,Joven_MS,CAD_137,07-06-24,15:00:32,Test Button 03
Project1,Wall-Ext_102Bwk-75Ins-100LBlk-12P,Wall-Ext_102Bwk-75Ins-100LBlk-12P,Basic Wall,Walls,312849,Joven_MS,CAD_137,07-06-24,15:00:32,Test Button 03
Project1,Wall-Ext_102Bwk-75Ins-100LBlk-12P,Wall-Ext_102Bwk-75Ins-100LBlk-12P,Basic Wall,Walls,312860,Joven_MS,CAD_137,07-06-24,15:00:32,Test Button 03
Project1,Wall-Ext_102Bwk-75Ins-100LBlk-12P,Wall-Ext_102Bwk-75Ins-100LBlk-12P,Basic Wall,Walls,312878,Joven_MS,CAD_137,07-06-24,15:00:32,Test Button 03
Project1,Wall-Ext_102Bwk-75Ins-100LBlk-12P,Wall-Ext_102Bwk-75Ins-100LBlk-12P,Basic Wall,Walls,312897,Joven_MS,CAD_137,07-06-24,15:00:32,Test Button 03
Project1,Wall-Ext_102Bwk-75Ins-100LBlk-12P,Wall-Ext_102Bwk-75Ins-100LBlk-12P,Basic Wall,Walls,312919,Joven_MS,CAD_137,07-06-24,15:00:32,Test Button 03
Project1,Wall-Ext_102Bwk-75Ins-100LBlk-12P,Wall-Ext_102Bwk-75Ins-100LBlk-12P,Basic Wall,Walls,312950,Joven_MS,CAD_137,07-06-24,15:00:32,Test Button 03
Project1,Model Lines,,,Lines,313454,Joven_MS,CAD_137,07-06-24,15:03:20,Lines
Project1,Model Lines,,,Lines,313454,Joven_MS,CAD_137,07-06-24,15:03:21,Lines
Project1,Model Lines,,,Lines,313454,Joven_MS,CAD_137,07-06-24,15:03:22,Lines
Project1,Model Lines,,,Lines,313454,Joven_MS,CAD_137,07-06-24,15:03:23,Lines
Project1,Model Lines,,,Lines,313454,Joven_MS,CAD_137,07-06-24,15:03:25,Lines
Project1,Model Lines,,,Lines,313454,Joven_MS,CAD_137,07-06-24,15:03:25,Lines
Project1,Model Lines,,,Lines,313454,Joven_MS,CAD_137,07-06-24,15:03:27,Lines
Project1,Model Lines,,,Lines,313454,Joven_MS,CAD_137,07-06-24,15:03:28,Lines
Project1,Model Lines,,,Lines,313454,Joven_MS,CAD_137,07-06-24,15:03:29,Lines
Project1,Model Lines,,,Lines,313454,Joven_MS,CAD_137,07-06-24,15:03:30,Lines
Project1,Model Lines,,,Lines,313454,Joven_MS,CAD_137,07-06-24,15:03:31,Lines
Project1,Model Lines,,,Lines,313454,Joven_MS,CAD_137,07-06-24,15:03:32,Lines
Project1,Model Lines,,,Lines,313454,Joven_MS,CAD_137,07-06-24,15:03:35,Lines
Project1,Model Lines,,,Lines,313454,Joven_MS,CAD_137,07-06-24,15:03:36,Lines
Project1,Model Lines,,,Lines,313454,Joven_MS,CAD_137,07-06-24,15:03:37,Lines
Project1,Model Lines,,,Lines,313454,Joven_MS,CAD_137,07-06-24,15:03:38,Lines
Project1,Model Lines,,,Lines,313454,Joven_MS,CAD_137,07-06-24,15:03:39,Lines
Project1,Model Lines,,,Lines,313454,Joven_MS,CAD_137,07-06-24,15:03:40,Lines
Project1,Model Lines,,,Lines,313454,Joven_MS,CAD_137,07-06-24,15:03:40,Lines
Project1,Model Lines,,,Lines,313454,Joven_MS,CAD_137,07-06-24,15:03:41,Lines
Project1,Model Lines,,,Lines,313454,Joven_MS,CAD_137,07-06-24,15:03:42,Lines
Project1,Model Lines,,,Lines,313454,Joven_MS,CAD_137,07-06-24,15:03:43,Lines
Project1,Model Lines,,,Lines,313454,Joven_MS,CAD_137,07-06-24,15:03:44,Lines
Project1,Model Lines,,,Lines,313454,Joven_MS,CAD_137,07-06-24,15:03:45,Lines
Project1,Model Lines,,,Lines,313454,Joven_MS,CAD_137,07-06-24,15:03:46,Lines
Project1,Model Lines,,,Lines,313454,Joven_MS,CAD_137,07-06-24,15:03:47,Lines
Project1,Model Lines,,,Lines,313454,Joven_MS,CAD_137,07-06-24,15:03:49,Lines
Project1,Model Lines,,,Lines,313454,Joven_MS,CAD_137,07-06-24,15:03:50,Lines
Project1,Model Lines,,,Lines,313454,Joven_MS,CAD_137,07-06-24,15:03:52,Lines
Project1,Wall-Ext_102Bwk-75Ins-100LBlk-12P,Wall-Ext_102Bwk-75Ins-100LBlk-12P,Basic Wall,Walls,312678,Joven_MS,CAD_137,07-06-24,15:04:18,Test Button 03
Project1,Wall-Ext_102Bwk-75Ins-100LBlk-12P,Wall-Ext_102Bwk-75Ins-100LBlk-12P,Basic Wall,Walls,312685,Joven_MS,CAD_137,07-06-24,15:04:18,Test Button 03
Project1,Wall-Ext_102Bwk-75Ins-100LBlk-12P,Wall-Ext_102Bwk-75Ins-100LBlk-12P,Basic Wall,Walls,312697,Joven_MS,CAD_137,07-06-24,15:04:18,Test Button 03
Project1,Wall-Ext_102Bwk-75Ins-100LBlk-12P,Wall-Ext_102Bwk-75Ins-100LBlk-12P,Basic Wall,Walls,312750,Joven_MS,CAD_137,07-06-24,15:04:18,Test Button 03
Project1,Wall-Ext_102Bwk-75Ins-100LBlk-12P,Wall-Ext_102Bwk-75Ins-100LBlk-12P,Basic Wall,Walls,312764,Joven_MS,CAD_137,07-06-24,15:04:18,Test Button 03
Project1,Wall-Ext_102Bwk-75Ins-100LBlk-12P,Wall-Ext_102Bwk-75Ins-100LBlk-12P,Basic Wall,Walls,312786,Joven_MS,CAD_137,07-06-24,15:04:18,Test Button 03
Project1,Wall-Ext_102Bwk-75Ins-100LBlk-12P,Wall-Ext_102Bwk-75Ins-100LBlk-12P,Basic Wall,Walls,312849,Joven_MS,CAD_137,07-06-24,15:04:18,Test Button 03
Project1,Wall-Ext_102Bwk-75Ins-100LBlk-12P,Wall-Ext_102Bwk-75Ins-100LBlk-12P,Basic Wall,Walls,312860,Joven_MS,CAD_137,07-06-24,15:04:18,Test Button 03
Project1,Wall-Ext_102Bwk-75Ins-100LBlk-12P,Wall-Ext_102Bwk-75Ins-100LBlk-12P,Basic Wall,Walls,312897,Joven_MS,CAD_137,07-06-24,15:04:18,Test Button 03
Project1,Wall-Ext_102Bwk-75Ins-100LBlk-12P,Wall-Ext_102Bwk-75Ins-100LBlk-12P,Basic Wall,Walls,312919,Joven_MS,CAD_137,07-06-24,15:04:18,Test Button 03
Project1,Wall-Ext_102Bwk-75Ins-100LBlk-12P,Wall-Ext_102Bwk-75Ins-100LBlk-12P,Basic Wall,Walls,312950,Joven_MS,CAD_137,07-06-24,15:04:18,Test Button 03
NDH_SKA_ARC_CLP_000_M3,System Data,,,,86962,Joven_MS,CAD_137,07-06-24,15:52:14,Wall - Rectangle
NDH_SKA_ARC_CLP_000_M3,System Data,,,,102525,Joven_MS,CAD_137,07-06-24,15:52:14,Wall - Rectangle
NDH_SKA_ARC_CLP_000_M3,,,,,1016412,Joven_MS,CAD_137,07-06-24,15:52:14,Wall - Rectangle
NDH_SKA_ARC_CLP_000_M3,Model Lines,,,Lines,1466707,Joven_MS,CAD_137,07-06-24,15:52:21,Lines
NDH_SKA_ARC_CLP_000_M3,Model Lines,,,Lines,1466707,Joven_MS,CAD_137,07-06-24,15:52:22,Lines
NDH_SKA_ARC_CLP_000_M3,Model Lines,,,Lines,1466707,Joven_MS,CAD_137,07-06-24,15:52:22,Lines
NDH_SKA_ARC_CLP_000_M3,Model Lines,,,Lines,1466707,Joven_MS,CAD_137,07-06-24,15:52:23,Lines
NDH_SKA_ARC_CLP_000_M3,Model Lines,,,Lines,1466707,Joven_MS,CAD_137,07-06-24,15:52:23,Lines
NDH_SKA_ARC_CLP_000_M3,Model Lines,,,Lines,1466707,Joven_MS,CAD_137,07-06-24,15:52:24,Lines
NDH_SKA_ARC_CLP_000_M3,Generic - 175mm,Generic - 175mm,Basic Wall,Walls,1466663,Joven_MS,CAD_137,07-06-24,15:53:46,Test Button 03
NDH_SKA_ARC_CLP_000_M3,Generic - 175mm,Generic - 175mm,Basic Wall,Walls,1466664,Joven_MS,CAD_137,07-06-24,15:53:46,Test Button 03
NDH_SKA_ARC_CLP_000_M3,Generic - 175mm,Generic - 175mm,Basic Wall,Walls,1466665,Joven_MS,CAD_137,07-06-24,15:53:46,Test Button 03
NDH_SKA_ARC_CLP_000_M3,Generic - 175mm,Generic - 175mm,Basic Wall,Walls,1466666,Joven_MS,CAD_137,07-06-24,15:53:46,Test Button 03
NDH_SKA_ARC_CLP_000_M3,Generic - 175mm,Generic - 175mm,Basic Wall,Walls,1466663,Joven_MS,CAD_137,07-06-24,16:05:37,Test Button 03
NDH_SKA_ARC_CLP_000_M3,Generic - 175mm,Generic - 175mm,Basic Wall,Walls,1466664,Joven_MS,CAD_137,07-06-24,16:05:37,Test Button 03
NDH_SKA_ARC_CLP_000_M3,System Data,,,,86962,Joven_MS,CAD_137,07-06-24,16:11:40,Delete Selection
NDH_SKA_ARC_CLP_000_M3,System Data,,,,102525,Joven_MS,CAD_137,07-06-24,16:11:40,Delete Selection
NDH_SKA_ARC_CLP_000_M3,,,,,1016412,Joven_MS,CAD_137,07-06-24,16:11:40,Delete Selection
NDH_SKA_ARC_CLP_000_M3,System Data,,,,86962,Joven_MS,CAD_137,07-06-24,16:14:02,Wall - Rectangle
NDH_SKA_ARC_CLP_000_M3,System Data,,,,102525,Joven_MS,CAD_137,07-06-24,16:14:02,Wall - Rectangle
NDH_SKA_ARC_CLP_000_M3,,,,,1016412,Joven_MS,CAD_137,07-06-24,16:14:02,Wall - Rectangle
NDH_SKA_ARC_CLP_000_M3,Model Lines,,,Lines,1466936,Joven_MS,CAD_137,07-06-24,16:14:08,Lines
NDH_SKA_ARC_CLP_000_M3,Model Lines,,,Lines,1466936,Joven_MS,CAD_137,07-06-24,16:14:09,Lines
NDH_SKA_ARC_CLP_000_M3,Model Lines,,,Lines,1466936,Joven_MS,CAD_137,07-06-24,16:14:10,Lines
NDH_SKA_ARC_CLP_000_M3,Model Lines,,,Lines,1466936,Joven_MS,CAD_137,07-06-24,16:14:10,Lines
NDH_SKA_ARC_CLP_000_M3,Model Lines,,,Lines,1466936,Joven_MS,CAD_137,07-06-24,16:14:11,Lines
NDH_SKA_ARC_CLP_000_M3,Generic - 175mm,Generic - 175mm,Basic Wall,Walls,1466894,Joven_MS,CAD_137,07-06-24,16:14:20,Test Button 03
NDH_SKA_ARC_CLP_000_M3,Generic - 175mm,Generic - 175mm,Basic Wall,Walls,1466895,Joven_MS,CAD_137,07-06-24,16:14:20,Test Button 03
NDH_SKA_ARC_CLP_000_M3,Generic - 175mm,Generic - 175mm,Basic Wall,Walls,1466897,Joven_MS,CAD_137,07-06-24,16:14:20,Test Button 03
NDH_SKA_ARC_CLP_000_M3,Model Lines,,,Lines,1467040,Joven_MS,CAD_137,07-06-24,16:14:42,Lines
NDH_SKA_ARC_CLP_000_M3,Model Lines,,,Lines,1467040,Joven_MS,CAD_137,07-06-24,16:14:43,Lines
NDH_SKA_ARC_CLP_000_M3,Model Lines,,,Lines,1467040,Joven_MS,CAD_137,07-06-24,16:14:43,Lines
NDH_SKA_ARC_CLP_000_M3,Model Lines,,,Lines,1467040,Joven_MS,CAD_137,07-06-24,16:14:44,Lines
NDH_SKA_ARC_CLP_000_M3,Model Lines,,,Lines,1467040,Joven_MS,CAD_137,07-06-24,16:14:44,Lines
NDH_SKA_ARC_CLP_000_M3,Model Lines,,,Lines,1467040,Joven_MS,CAD_137,07-06-24,16:14:44,Lines
NDH_SKA_ARC_CLP_000_M3,Model Lines,,,Lines,1467040,Joven_MS,CAD_137,07-06-24,16:14:45,Lines
NDH_SKA_ARC_CLP_000_M3,Model Lines,,,Lines,1467040,Joven_MS,CAD_137,07-06-24,16:14:45,Lines
NDH_SKA_ARC_CLP_000_M3,Model Lines,,,Lines,1467040,Joven_MS,CAD_137,07-06-24,16:14:46,Lines
NDH_SKA_ARC_CLP_000_M3,Model Lines,,,Lines,1467040,Joven_MS,CAD_137,07-06-24,16:14:46,Lines
NDH_SKA_ARC_CLP_000_M3,Model Lines,,,Lines,1467040,Joven_MS,CAD_137,07-06-24,16:14:46,Lines
NDH_SKA_ARC_CLP_000_M3,Model Lines,,,Lines,1467040,Joven_MS,CAD_137,07-06-24,16:14:47,Lines
NDH_SKA_ARC_CLP_000_M3,Generic - 175mm,Generic - 175mm,Basic Wall,Walls,1466894,Joven_MS,CAD_137,07-06-24,16:15:02,Test Button 03
NDH_SKA_ARC_CLP_000_M3,Generic - 175mm,Generic - 175mm,Basic Wall,Walls,1466895,Joven_MS,CAD_137,07-06-24,16:15:02,Test Button 03
NDH_SKA_ARC_CLP_000_M3,Generic - 175mm,Generic - 175mm,Basic Wall,Walls,1466896,Joven_MS,CAD_137,07-06-24,16:15:02,Test Button 03
NDH_SKA_ARC_CLP_000_M3,System Data,,,,86962,Joven_MS,CAD_137,07-06-24,16:15:14,Delete Selection
NDH_SKA_ARC_CLP_000_M3,System Data,,,,102525,Joven_MS,CAD_137,07-06-24,16:15:14,Delete Selection
NDH_SKA_ARC_CLP_000_M3,,,,,1016412,Joven_MS,CAD_137,07-06-24,16:15:14,Delete Selection
NDH_SKA_ARC_CLP_000_M3,System Data,,,,86962,Joven_MS,CAD_137,07-06-24,16:17:15,Wall - Rectangle
NDH_SKA_ARC_CLP_000_M3,System Data,,,,102525,Joven_MS,CAD_137,07-06-24,16:17:15,Wall - Rectangle
NDH_SKA_ARC_CLP_000_M3,,,,,1016412,Joven_MS,CAD_137,07-06-24,16:17:15,Wall - Rectangle
NDH_SKA_ARC_CLP_000_M3,Model Lines,,,Lines,1467169,Joven_MS,CAD_137,07-06-24,16:17:20,Lines
NDH_SKA_ARC_CLP_000_M3,Model Lines,,,Lines,1467169,Joven_MS,CAD_137,07-06-24,16:17:21,Lines
NDH_SKA_ARC_CLP_000_M3,Model Lines,,,Lines,1467169,Joven_MS,CAD_137,07-06-24,16:17:22,Lines
NDH_SKA_ARC_CLP_000_M3,Model Lines,,,Lines,1467169,Joven_MS,CAD_137,07-06-24,16:17:23,Lines
NDH_SKA_ARC_CLP_000_M3,Model Lines,,,Lines,1467169,Joven_MS,CAD_137,07-06-24,16:17:23,Lines
NDH_SKA_ARC_CLP_000_M3,Model Lines,,,Lines,1467169,Joven_MS,CAD_137,07-06-24,16:17:24,Lines
NDH_SKA_ARC_CLP_000_M3,Model Lines,,,Lines,1467169,Joven_MS,CAD_137,07-06-24,16:17:25,Lines
NDH_SKA_ARC_CLP_000_M3,System Data,,,,86962,Joven_MS,CAD_137,07-06-24,16:41:18,Delete Selection
NDH_SKA_ARC_CLP_000_M3,System Data,,,,102525,Joven_MS,CAD_137,07-06-24,16:41:18,Delete Selection
NDH_SKA_ARC_CLP_000_M3,,,,,1016412,Joven_MS,CAD_137,07-06-24,16:41:18,Delete Selection
